{
    "mean_L": 87.61049771471089,
    "mean_a": 128.51117400085033,
    "mean_b": 132.42577593537416,
    "std_L": 35.13450777903315,
    "std_a": 5.2290901050019025,
    "std_b": 12.609734192300618
}